{"cameraMode":{"drawMode":0,"name":"Shaded","section":"Shading Mode"},"sceneLighting":true,"audioPlay":false,"sceneViewState":{"showFog":true,"showMaterialUpdate":false,"showSkybox":true,"showFlares":true,"showImageEffects":true,"showParticleSystems":true},"in2DMode":false,"pivot":{"x":0.34361591935157778,"y":-0.009062660858035088,"z":0.016881577670574189},"rotation":{"x":-0.5373525619506836,"y":-0.005822669714689255,"z":0.0037074401043355467,"w":-0.8433294296264648},"size":0.4648829698562622,"orthographic":false}